{
  "radar_1": {
    "id": 1,
    "x": 3.663,
    "y": -0.873,
    "yaw": -1.48418552
  },
  "radar_2": {
    "id": 2,
    "x": 3.86,
    "y": -0.7,
    "yaw": -0.436185662
  },
  "radar_3": {
    "id": 3,
    "x": 3.86,
    "y": 0.7,
    "yaw": 0.436
  },
  "radar_4": {
    "id": 4,
    "x": 3.663,
    "y": 0.873,
    "yaw": 1.484
  }
}